,"Белки, г:","Жиры, г:","Углеводы, г:","Калории, ккал:",name,path
0,6.4,3.3,48.9,256.5,Австралийский овощной хлеб,Австралийский овощной хлеб.jpg
1,5.6,3.8,29.3,172.8,Ажурные блины,Ажурные блины.jpg
2,6.8,5.9,46.7,264.2,Армянский лаваш,Армянский лаваш.jpg
3,4.8,5.4,19.1,144.1,Бархатные блинчики,Бархатные блинчики.jpg
4,1.5,10.4,4.1,156.2,Беляши домашние,Беляши домашние.jpg
5,5.7,13.8,46.7,332,Бисквит ,Бисквит .jpg
6,7.9,4.9,50.1,276.1,Бисквит и секрет его приготовления,Бисквит и секрет его приготовления.jpg
7,4.9,19.2,44.3,370.5,"Бисквит, который получается всегда","Бисквит, который получается всегда.jpg"
8,9.5,3.3,37.5,216.7,Блестящий лимонно-творожный кекс,Блестящий лимонно-творожный кекс.jpg
9,6.8,3.2,22.2,144.3,Блинные  булочки,Блинные  булочки.jpg
10,5.2,5.2,29,182.8,Блинчики в бутылке,Блинчики в бутылке.jpg
11,5.3,1.6,21.6,122.4,Блины вкусные,Блины вкусные.jpg
12,7.7,10.9,41.3,289.3,Блины тонкие,Блины тонкие.jpg
13,9.8,13.1,9.1,194.7,Блиц-хачапури,Блиц-хачапури.jpg
14,10,7.4,22.1,193.1,Болгарские ругувачки,Болгарские ругувачки.jpg
15,3,2.4,21.8,119.4,Булочки ,Булочки .jpg
16,3.6,16.7,33.5,298.9,Булочки ,Булочки .jpg
17,9.3,9,33.4,249.2,Булочки с ветчиной и сыром,Булочки с ветчиной и сыром.jpg
18,6.3,6.6,42.3,252.4,Булочки с заварным кремом,Булочки с заварным кремом.jpg
19,5.6,4.2,48.2,249.7,Булочки с начинкой «Молочная нежность»,Булочки с начинкой «Молочная нежность».jpg
20,9.6,6.1,40.1,251.4,Ватрушки ,Ватрушки .jpg
21,9.4,9.9,36.7,271.3,Венгерская ватрушка,Венгерская ватрушка.jpg
22,2.7,5.5,11.3,141,Деревенский пирог из картофельного теста,Деревенский пирог из картофельного теста.jpg
23,6.7,3.1,48.7,246.1,Дрожжевое тесто ,Дрожжевое тесто .jpg
24,4.6,0.6,37.5,171,Закваска для хлеба ,Закваска для хлеба .jpg
25,3.8,4.3,28.2,169.5,И снова сырники,И снова сырники.jpg
26,2.7,5.2,28.9,158.5,Итальянский деревенский яблочный пирог,Итальянский деревенский яблочный пирог.jpg
27,5.2,8.5,15.6,160.3,Капустный пирог ,Капустный пирог .jpg
28,5.2,23.3,43.3,402.7,Кекс ,Кекс .jpg
29,4,15.1,33.2,284.8,Кекс с вишней,Кекс с вишней.jpg
30,8.5,8.4,45.9,292,Кекс творожный ,Кекс творожный .jpg
31,5,20.9,37.8,358.8,Кексы ,Кексы .jpg
32,2.9,0.4,35.2,154.2,Кексы медовые постные,Кексы медовые постные.jpg
33,3.2,14.5,27.4,253.9,Корнуэльский яблочный пирог,Корнуэльский яблочный пирог.jpg
34,9.9,13.7,34.2,299.3,Королевская ватрушка,Королевская ватрушка.jpg
35,4.2,20.9,46.9,387.4,Краффины,Краффины.jpg
36,5.5,2.3,20.1,123.1,Кружевные блины,Кружевные блины.jpg
37,3.9,2.2,19.5,140.4,Крымские чебуреки,Крымские чебуреки.jpg
38,3.8,7.1,25.9,221.5,Кубете,Кубете.jpg
39,7.5,12.5,45.7,320.2,Кулич пасхальный,Кулич пасхальный.jpg
40,6.9,8.3,47.5,289.5,"Кулич, который всегда получается","Кулич, который всегда получается.jpg"
41,12.1,17.5,22.9,287,Лепешка из творожного теста с сыром,Лепешка из творожного теста с сыром.jpg
42,4.7,5.5,46,249.8,Лепешки на минеральной воде,Лепешки на минеральной воде.jpg
43,9.3,9.4,22.8,211.2,Лепешки с сырной начинкой,Лепешки с сырной начинкой.jpg
44,9.5,3.8,28.1,182.6,Лепешки с сыром ,Лепешки с сыром .jpg
45,6.7,2.4,12.2,97.3,Лепешки «В путь дорожку!»,Лепешки «В путь дорожку!».jpg
46,5.6,24.4,42.1,410.4,Лимонный пирог ,Лимонный пирог .jpg
47,9.1,9.6,3.5,136.1,Лучшая пицца ,Лучшая пицца .jpg
48,11.4,11.8,22.3,241.4,Львовский сырник,Львовский сырник.jpg
49,6.9,9.9,46.4,300.1,Милашино тесто и пирожки из него,Милашино тесто и пирожки из него.jpg
50,4,13.8,29.7,250.4,Настоящий баноффи пай,Настоящий баноффи пай.jpg
51,13.6,16.2,32.5,325.8,Настоящий грузинский хачапури,Настоящий грузинский хачапури.jpg
52,0,0,0,0,Насыпной пирог ,Насыпной пирог .jpg
53,3.7,10.1,23.8,206.5,Нежный яблочный пирог с хрустящей корочкой,Нежный яблочный пирог с хрустящей корочкой.jpg
54,9.4,9.1,49.5,315.1,Необычные оладьи,Необычные оладьи.jpg
55,4.9,3.7,36.5,196.5,Оладьи ,Оладьи .jpg
56,8.8,4.8,61.9,323.4,Оладьи на кефире ,Оладьи на кефире .jpg
57,6,11.7,27.7,239.4,Оладьи на кефире с зеленым луком,Оладьи на кефире с зеленым луком.jpg
58,4.6,5.5,29.7,187.2,Оладьи со 100% успехом,Оладьи со 100% успехом.jpg
59,5.4,2.6,43.2,215.4,Осетинские пироги,Осетинские пироги.jpg
60,7.3,7.1,44.9,271,Очень нежное тесто для пирожков,Очень нежное тесто для пирожков.jpg
61,6.1,7,47.3,273,Пампушки к борщу за 20 минут,Пампушки к борщу за 20 минут.jpg
62,2.8,19.5,4.5,207.1,Пахлава,Пахлава.jpg
63,4.8,19.7,18.3,275.7,Пирог ,Пирог .jpg
64,10.3,19.2,21.2,298.3,Пирог ,Пирог .jpg
65,5.1,11.9,49.3,324,Пирог к чаю ,Пирог к чаю .jpg
66,7.7,14,38.4,309.9,Пирог на сковороде за 5 минут,Пирог на сковороде за 5 минут.jpg
67,0,0,0,0,Пирожки из заварного дрожжевого теста,Пирожки из заварного дрожжевого теста.jpg
68,6.5,4.1,39.8,220,Пирожки на заварном дрожжевом тесте,Пирожки на заварном дрожжевом тесте.jpg
69,3,0.3,16.4,79.1,Пирожки с капустой ,Пирожки с капустой .jpg
70,12.3,1.6,33.7,196.2,Плацинды,Плацинды.jpg
71,8.6,18.4,29.1,317.7,Погача с сыром,Погача с сыром.jpg
72,4.9,1.3,28.4,143.4,Правильное тесто для вареников и пельменей,Правильное тесто для вареников и пельменей.jpg
73,9.9,15.7,19.9,260.7,Рулеты из универсального теста-пятиминутки,Рулеты из универсального теста-пятиминутки.jpg
74,7.5,6.7,29,197.4,Секретные беляши,Секретные беляши.jpg
75,2.2,7.1,56.1,296,Сливовый пирог из ,Сливовый пирог из .jpg
76,10.4,19.9,29.8,338,Слоeное творожное тесто,Слоeное творожное тесто.jpg
77,2.8,20,3.5,207.3,Слоеное тесто за 10 минут,Слоеное тесто за 10 минут.jpg
78,8,12.2,27,248.9,Слойки картофельные с сыром ,Слойки картофельные с сыром .jpg
79,5.1,17.4,48.7,374.9,Столичный кекс ,Столичный кекс .jpg
80,2,28.9,39.3,424.5,Сумасшедший пирог,Сумасшедший пирог.jpg
81,6,21.4,31.2,340.8,Супер-быстрое лже-слоеное тесто,Супер-быстрое лже-слоеное тесто.jpg
82,12.6,7.1,26.6,220,Сырники ,Сырники .jpg
83,11.3,8.5,34.3,256.8,Сырные булочки,Сырные булочки.jpg
84,11.5,6.9,26.3,211.7,Сырные лепешки за 5 минут,Сырные лепешки за 5 минут.jpg
85,14.2,15.4,22.7,285.4,Сырные сконы,Сырные сконы.jpg
86,10.5,5.9,16.3,160,Сырный пирог,Сырный пирог.jpg
87,7.8,13.3,28.7,264.6,Творожный рулет ,Творожный рулет .jpg
88,4.4,18,49.1,374.3,Тертый пирог,Тертый пирог.jpg
89,2.2,4.9,0.3,54.9,Тесто для пельменей с уксусом,Тесто для пельменей с уксусом.jpg
90,6.9,6,47.6,269.3,Тесто для тонкой пиццы ,Тесто для тонкой пиццы .jpg
91,4.5,1.2,72.6,318.5,Французские булочки,Французские булочки.jpg
92,9.7,8.9,35.7,259.7,Хачапури по-аджарски,Хачапури по-аджарски.jpg
93,4.3,11.4,41.2,282.2,Хлеб ,Хлеб .jpg
94,5.8,0.8,43,199,Хлеб без замеса «Проще не бывает»,Хлеб без замеса «Проще не бывает».jpg
95,6.5,6,44.8,255.8,Хлебные тарелочки для супа и салата,Хлебные тарелочки для супа и салата.jpg
96,3.5,6.4,22.8,229.5,Чебуреки,Чебуреки.jpg
97,2.6,10.7,18.7,225.9,Чебуреки ,Чебуреки .jpg
98,6,3.6,53.5,270.7,Шарлотка от тети Светы,Шарлотка от тети Светы.jpg
99,5.1,19,28.5,305.1,Юлькин пирог,Юлькин пирог.jpg
100,5.7,1.2,37.3,55,"Баклажаны, запеченные с сыром ","Баклажаны, запеченные с сыром .jpg"
101,4.3,2,3.6,50,"Бархатная курица, приготовленная секретным способом","Бархатная курица, приготовленная секретным способом.jpg"
102,6.5,8.6,0.8,105.7,Буженина в рукаве для запекания,Буженина в рукаве для запекания.jpg
103,6.7,5,6.7,97.7,Вертуны,Вертуны.jpg
104,16.6,12.6,5.1,198.4,Глазированные куриные крылышки с чесночным соусом,Глазированные куриные крылышки с чесночным соусом.jpg
105,13.1,10.8,3.1,160.5,Говядина в луковом соусе,Говядина в луковом соусе.jpg
106,13.3,2.8,9.4,116,Говяжья печень по-особому,Говяжья печень по-особому.jpg
107,10.8,5.7,10.1,132.8,Гульчехра,Гульчехра.jpg
108,3.7,4.3,24.6,172.6,Двойные пельмени,Двойные пельмени.jpg
109,20.3,7.2,2.9,162.9,Домашние куриные наггетсы,Домашние куриные наггетсы.jpg
110,1.8,2.3,16,93.9,Жареный картофель ,Жареный картофель .jpg
111,12.1,4.6,12.8,144,Жюльен в булочке,Жюльен в булочке.jpg
112,14.4,13.3,13.1,212.8,Закуска с мясным фаршем ,Закуска с мясным фаршем .jpg
113,4.3,2.7,10.3,109.2,Запеканка ,Запеканка .jpg
114,6.3,6.4,14.9,162.8,Запеканка из лаваша с мясом ,Запеканка из лаваша с мясом .jpg
115,12.3,5,12,144.4,Запеканка из риса и кабачков,Запеканка из риса и кабачков.jpg
116,11.8,1,14.6,72.4,Запеченные баклажаны с куриным мясом,Запеченные баклажаны с куриным мясом.jpg
117,4.3,4.7,7.5,89.3,Запеченные капустные котлеты,Запеченные капустные котлеты.jpg
118,1.8,3.5,17.5,108,Запеченный картофель ,Запеченный картофель .jpg
119,1.7,6.7,17.1,136.2,Запеченный картофель ,Запеченный картофель .jpg
120,3,3.2,17.4,110.8,Запеченный картофель «Чесночно-сырный»,Запеченный картофель «Чесночно-сырный».jpg
121,4.4,3.2,4,108.9,Зразы ,Зразы .jpg
122,2.5,5.4,19.8,136.2,Идеальный запеченный картофель,Идеальный запеченный картофель.jpg
123,8,7.3,2.7,112.9,Кабачковая запеканка ,Кабачковая запеканка .jpg
124,1.9,5.9,18.4,134.1,Картофель ,Картофель .jpg
125,2.2,1.8,15.7,87.2,Картофель ,Картофель .jpg
126,4.5,4.5,15.9,121.9,Картофель ,Картофель .jpg
127,3,6.5,25.9,172.5,Картофель по-деревенски,Картофель по-деревенски.jpg
128,4.4,3.1,16.5,93.5,Картофель по-нормандски,Картофель по-нормандски.jpg
129,3.2,0.4,18.6,89.6,Картофельные зразы с грибами,Картофельные зразы с грибами.jpg
130,4.6,3.5,13.1,123.2,Картофельный рулет ,Картофельный рулет .jpg
131,19.7,10.7,4.1,190.5,Колбаса куриная домашняя быстрого приготовления,Колбаса куриная домашняя быстрого приготовления.jpg
132,3.9,4.1,16.9,135.8,Колдуны из картофеля и мясного фарша,Колдуны из картофеля и мясного фарша.jpg
133,0.7,0,4.1,108.1,Корейское блюдо ,Корейское блюдо .jpg
134,13.4,3.9,8.8,124.4,Котлета куриная по ГОСТу ,Котлета куриная по ГОСТу .jpg
135,3.9,2.5,7.5,113.7,Котлеты ,Котлеты .jpg
136,2.8,0.5,19.5,92.5,Котлеты без мяса ,Котлеты без мяса .jpg
137,2.7,13.3,20.4,212,Котлеты из духовки,Котлеты из духовки.jpg
138,8.2,7.3,13.8,154.1,Котлеты из рыбных консервов и картофеля,Котлеты из рыбных консервов и картофеля.jpg
139,11.6,8,27.9,229.9,Котлеты из сосисок и сыра,Котлеты из сосисок и сыра.jpg
140,13.3,1.5,6.6,91.9,Котлеты рыбные ,Котлеты рыбные .jpg
141,0.5,0.7,0.9,194.6,Крученики в подливке из белых грибов,Крученики в подливке из белых грибов.jpg
142,13.3,12.1,10.2,205.7,Куриное филе ,Куриное филе .jpg
143,14.2,6.6,10.4,158.2,Куриные оладьи ,Куриные оладьи .jpg
144,16.3,5.3,4.7,135.1,Куриный брусочек,Куриный брусочек.jpg
145,22.5,2.8,1.2,119.6,Курица ,Курица .jpg
146,19.7,10.1,0.9,172.7,Курица ,Курица .jpg
147,10.9,2.6,4,83.3,Курица ,Курица .jpg
148,11.6,2,12.6,115.3,Курица в ажуре из картофеля,Курица в ажуре из картофеля.jpg
149,14.5,3.9,3.5,106.8,Курица в молочно-чесночном соусе ,Курица в молочно-чесночном соусе .jpg
150,21.1,11,2.1,192.1,Курица в сырном соусе ,Курица в сырном соусе .jpg
151,9.5,11.7,10.2,184.4,Курица с чесноком на рисе,Курица с чесноком на рисе.jpg
152,15,12.2,4,185.7,"Курица, маринованная по-американски","Курица, маринованная по-американски.jpg"
153,9.3,1.3,75,342,Лазанья ,Лазанья .jpg
154,1.9,10.7,9.8,141.5,Лаханоризо,Лаханоризо.jpg
155,14.5,2.9,22.9,174.8,Ленивые вареники,Ленивые вареники.jpg
156,1,0.2,7.4,83.1,Ленивые голубцы ,Ленивые голубцы .jpg
157,19.7,3.3,4.3,124.8,Ленивые куриные грудки,Ленивые куриные грудки.jpg
158,15.5,8.6,2.9,150.4,Макароны с сыром,Макароны с сыром.jpg
159,11.4,16.9,11,242.1,Мясные оладьи,Мясные оладьи.jpg
160,12.5,19.3,2.7,232.3,Мясные рулетики ,Мясные рулетики .jpg
161,7.8,35.9,12.7,458.6,Мясо ,Мясо .jpg
162,0.2,0.5,3.2,195.7,Мясо по-грузински,Мясо по-грузински.jpg
163,7.1,1.8,46.4,228.3,Настоящий плов,Настоящий плов.jpg
164,21.1,8.6,0.1,168.1,"Нежная куриная грудка, томленная в масле","Нежная куриная грудка, томленная в масле.jpg"
165,5.5,14.3,23.2,242.8,Нежные отбивные,Нежные отбивные.jpg
166,5.5,3.5,6.7,78.4,Новогодний мясной шар,Новогодний мясной шар.jpg
167,8,6,2.7,99.5,Омлет из детского сада,Омлет из детского сада.jpg
168,6.4,5.2,23.3,163.7,Отбивная в тесте,Отбивная в тесте.jpg
169,22.1,2.6,0,118.9,Отбивные ,Отбивные .jpg
170,2.3,1.1,12.4,92.1,Очень ленивые голубцы в духовке,Очень ленивые голубцы в духовке.jpg
171,2.5,6.3,20.9,149.9,Печeный картофель ,Печeный картофель .jpg
172,11.4,1.9,6.6,89.8,Печень по-берлински,Печень по-берлински.jpg
173,2.2,1,8,48.5,Постные котлеты,Постные котлеты.jpg
174,8.3,3.6,3.3,80.7,Простая овощная запеканка с куриной грудкой,Простая овощная запеканка с куриной грудкой.jpg
175,19.8,12.7,1.1,197.5,Разделка куриной голени,Разделка куриной голени.jpg
176,2.6,5.7,19.6,140.1,Рассыпчатый гарнирный рис ,Рассыпчатый гарнирный рис .jpg
177,2.5,1,18.5,93,Рис по-индийски и все его тайны,Рис по-индийски и все его тайны.jpg
178,7.7,5.7,30.9,204,Рис с чесноком по-японски,Рис с чесноком по-японски.jpg
179,7.4,2.5,8.7,86.9,Рыба ,Рыба .jpg
180,10.5,9,2.4,132.1,Рыба ,Рыба .jpg
181,16.8,3.5,0.4,100.2,Рыба горячего копчения в походных условиях,Рыба горячего копчения в походных условиях.jpg
182,6.8,9.9,5.1,134.7,Свинина ,Свинина .jpg
183,1.3,6.7,3,203.7,Свинина по-барски,Свинина по-барски.jpg
184,2.9,19.9,3.3,206,Свинина по-степному,Свинина по-степному.jpg
185,10.1,18.7,9.8,245.3,Свиные ребрышки по-канадски,Свиные ребрышки по-канадски.jpg
186,14,7.4,4.1,139.3,Секретная курица-2,Секретная курица-2.jpg
187,20.2,14.9,0.1,215.3,"Семга, запеченная в фольге","Семга, запеченная в фольге.jpg"
188,11.8,6.7,5.4,128.3,Скумбрия ,Скумбрия .jpg
189,16.2,8.7,0.9,145.9,Скумбрия в банке,Скумбрия в банке.jpg
190,2.5,0.3,5.4,30,Сливочная цветная капуста,Сливочная цветная капуста.jpg
191,17.4,2.7,4.9,113.4,Суфле печеночное ,Суфле печеночное .jpg
192,9.5,11.8,2.3,152.8,Тефтели американские,Тефтели американские.jpg
193,7.3,1.1,5.5,60.6,Тушеная капуста ,Тушеная капуста .jpg
194,3.7,5.6,16.3,132.5,Фальшивые чебуреки из кабачков,Фальшивые чебуреки из кабачков.jpg
195,17.9,8.9,6.3,182,Цыпленок ,Цыпленок .jpg
196,12.8,2.7,4.6,93.3,Шашлык с натуральным дымком,Шашлык с натуральным дымком.jpg
197,8.8,6.4,45.5,274.9,Экспресс-мясо,Экспресс-мясо.jpg
198,14.9,12.5,1.2,178.9,Яичные конверты с острова Тенерифе,Яичные конверты с острова Тенерифе.jpg
199,10.5,5,3.9,102.6,Английский куриный суп с сыром,Английский куриный суп с сыром.jpg
200,3.4,10.7,18.9,132.4,Баклажанный крем-суп ,Баклажанный крем-суп .jpg
201,2.1,7.8,4.9,103.8,Бархатный грибной суп,Бархатный грибной суп.jpg
202,2.8,19.6,3.2,202,Белорусский холодник,Белорусский холодник.jpg
203,1.5,0.1,8.5,64.5,Борщ,Борщ.jpg
204,12.3,6.6,7,136.5,Борщ от Пал Саныча,Борщ от Пал Саныча.jpg
205,7.9,2.2,19.4,128.2,Борщ по-петровски,Борщ по-петровски.jpg
206,1,8.8,5.1,101.7,Гаспачо,Гаспачо.jpg
207,6.2,3.9,5.2,80,Гороховый суп с чесночными рулетиками,Гороховый суп с чесночными рулетиками.jpg
208,13.1,20.3,8.4,269.4,Гороховый суп-пюре,Гороховый суп-пюре.jpg
209,2.6,1.2,12.4,93.2,Греческий суп с фрикадельками,Греческий суп с фрикадельками.jpg
210,5.5,1.4,3.3,59.9,Гречневый суп с капустой и фрикадельками,Гречневый суп с капустой и фрикадельками.jpg
211,3.7,0.6,20,96.2,Гречневый суп с шампиньонами,Гречневый суп с шампиньонами.jpg
212,0.9,1.1,5.6,35.8,Грибная юшка с домашней лапшой,Грибная юшка с домашней лапшой.jpg
213,5.1,10.6,18.4,198.2,Грибной суп в булке,Грибной суп в булке.jpg
214,2.4,4.2,20.7,124.8,Густой грибной суп с фунчозой,Густой грибной суп с фунчозой.jpg
215,6.4,3.9,10.4,101.3,Густой немецкий суп ,Густой немецкий суп .jpg
216,5.3,1.1,2.9,42.2,Идеальный куриный бульон,Идеальный куриный бульон.jpg
217,1.2,1.5,6.1,41.8,Изумительно ароматный гороховый суп,Изумительно ароматный гороховый суп.jpg
218,9.6,4.4,3.1,91.6,Итальянская страччателла,Итальянская страччателла.jpg
219,15.9,21.1,0.5,254.4,Итальянский сливочный суп,Итальянский сливочный суп.jpg
220,2.8,6.6,12.5,120,Картофельный суп-толчeнка с квашеной капустой,Картофельный суп-толчeнка с квашеной капустой.jpg
221,10.3,1.8,16.6,123.1,Крем-суп ,Крем-суп .jpg
222,6,0.9,12,79.6,Крем-суп из курицы с зелeным горошком,Крем-суп из курицы с зелeным горошком.jpg
223,4.8,3.1,10.3,88.6,Крестьянский суп ,Крестьянский суп .jpg
224,4.3,2.6,2.3,49.5,Куриный бульон с сырными бомбочками,Куриный бульон с сырными бомбочками.jpg
225,3.5,4.1,5.6,73.4,Куриный крем-суп с макаронами,Куриный крем-суп с макаронами.jpg
226,1.4,0.2,9.4,123.4,Лагман ,Лагман .jpg
227,4.4,6.3,7.2,101.9,Лагман ,Лагман .jpg
228,14,8.7,7.8,165.7,Лапша по-казахски ,Лапша по-казахски .jpg
229,0.8,0.2,3.2,28.5,Латышский суп с фрикадельками ,Латышский суп с фрикадельками .jpg
230,1.2,3.2,6.9,58.9,Луковый суп с капустой и лимоном,Луковый суп с капустой и лимоном.jpg
231,1.8,1.6,10.4,63.8,Моя солянка,Моя солянка.jpg
232,6.5,5.5,6.8,103.3,Овощной суп с сырными шариками,Овощной суп с сырными шариками.jpg
233,3.1,2.4,8.2,68.6,Окрошка из детства,Окрошка из детства.jpg
234,3.1,0.9,6.5,47.7,Окрошка на кефире,Окрошка на кефире.jpg
235,11,2.5,6.1,89.1,Пнти,Пнти.jpg
236,1,0.1,6.9,31.6,Постный суп-гуляш,Постный суп-гуляш.jpg
237,14.1,2.5,19.3,156.4,Похлeбка тeтушки Мадлен,Похлeбка тeтушки Мадлен.jpg
238,5,2,3.7,54.1,Рассольник по-польски,Рассольник по-польски.jpg
239,4.5,2.5,14.3,96.9,Рыбный суп из брюшек лосося,Рыбный суп из брюшек лосося.jpg
240,1.7,0,10.8,50,Самый красный борщ,Самый красный борщ.jpg
241,4,2.2,5.5,58.6,Свекольник,Свекольник.jpg
242,3,3.8,3.8,61.2,Сливочно-сырный суп с ветчиной и сухариками,Сливочно-сырный суп с ветчиной и сухариками.jpg
243,13.7,8.4,41.7,297.4,Сливочный суп для холодных дней,Сливочный суп для холодных дней.jpg
244,4.5,2.8,3.7,87.5,Солянка,Солянка.jpg
245,4.2,2.7,11.4,87.1,Солянка ,Солянка .jpg
246,9.3,10.1,3.3,147.9,Солянка ,Солянка .jpg
247,6.5,3.8,10.4,101.4,Суккоташ с овощами,Суккоташ с овощами.jpg
248,3.3,4.1,1.8,56.8,Суп ,Суп .jpg
249,0.5,0.1,6.1,25.7,Суп ,Суп .jpg
250,8.2,6,1.9,93.4,Суп ,Суп .jpg
251,5.9,2.3,10.7,87.4,Суп ,Суп .jpg
252,5.4,2.1,6.8,78.3,Суп ,Суп .jpg
253,8.2,3.9,2.9,80.3,Суп ,Суп .jpg
254,3.4,3.5,13.8,97.9,Суп ,Суп .jpg
255,0.5,0,4.3,29.4,Суп ,Суп .jpg
256,2,1.4,3.5,47.2,Суп ,Суп .jpg
257,1.9,2.4,16.8,95.7,Суп ,Суп .jpg
258,6.2,1.8,6.4,66.7,Суп ,Суп .jpg
259,14.7,20.7,3.7,140.4,Суп ,Суп .jpg
260,0.5,0.7,2.5,24.5,Суп ,Суп .jpg
261,6.9,3.8,9.7,99.2,Суп ,Суп .jpg
262,4,0.7,8.4,53.8,Суп гречневый с грибами и картофельными клецками,Суп гречневый с грибами и картофельными клецками.jpg
263,2.1,3.5,14.8,98.7,Суп грибной по-польски,Суп грибной по-польски.jpg
264,3.3,2.3,7.9,63.7,Суп из чечевицы с цветной капустой,Суп из чечевицы с цветной капустой.jpg
265,13.8,3.9,10.1,130.8,Суп куриный с кукурузой,Суп куриный с кукурузой.jpg
266,4.2,1.7,1.7,39.2,Суп куриный с рулетиками,Суп куриный с рулетиками.jpg
267,6.3,1.7,3.6,54.6,Суп овощной,Суп овощной.jpg
268,6.1,4.4,7.9,93.8,Суп по-веракрусски,Суп по-веракрусски.jpg
269,7.9,3.7,28.2,171.7,Суп с гречневыми клецками-кнопками,Суп с гречневыми клецками-кнопками.jpg
270,8.7,4.4,12.2,122.6,Суп с чесночными клецками,Суп с чесночными клецками.jpg
271,4.9,5.6,5,109.3,Суп сливочно-сырный с фаршем ,Суп сливочно-сырный с фаршем .jpg
272,5.2,2.1,5,60.7,Суп со свеклой и солеными огурцами,Суп со свеклой и солеными огурцами.jpg
273,9,7.7,9.6,142.9,Суп торговца скота из Тапеи,Суп торговца скота из Тапеи.jpg
274,8.2,1.6,6.4,72.5,Суп-пюре ,Суп-пюре .jpg
275,3.5,4.3,3.4,70.1,Суп-пюре из кабачков,Суп-пюре из кабачков.jpg
276,8.3,1.8,6.8,76.1,Суп-пюре из красной чечевицы,Суп-пюре из красной чечевицы.jpg
277,1.6,2.2,7.7,55.3,Суп-пюре с тыквой и плавленым сыром,Суп-пюре с тыквой и плавленым сыром.jpg
278,2,1.4,10.3,61.8,Супружеский свекольник,Супружеский свекольник.jpg
279,6,4,4.4,76.4,Сырный рыбный суп,Сырный рыбный суп.jpg
280,1.5,1.3,2.4,27.5,Сырный суп по-английски,Сырный суп по-английски.jpg
281,3.7,2,8.6,66.9,Тосканский грибной суп с фасолью,Тосканский грибной суп с фасолью.jpg
282,3.5,6.3,7.5,100.3,Турецкий суп из чечевицы с грибами,Турецкий суп из чечевицы с грибами.jpg
283,3.7,5.4,4.3,80.2,Украинский борщ от тети Нюси,Украинский борщ от тети Нюси.jpg
284,3.1,2.6,15.9,98.1,Украинский борщ с пампушками,Украинский борщ с пампушками.jpg
285,13.5,9.1,24.5,232.9,Фасолевый суп,Фасолевый суп.jpg
286,6.7,2,3.2,57.5,Фасолевый суп с сырными клецками,Фасолевый суп с сырными клецками.jpg
287,7.9,0.9,9.9,79.4,Финский сливочный рыбный суп,Финский сливочный рыбный суп.jpg
288,1.9,3,12,77.8,Французский тыквенный суп,Французский тыквенный суп.jpg
289,8.4,5.4,12.2,129.7,Харчо,Харчо.jpg
290,8.1,9.9,9.8,102.7,Харчо,Харчо.jpg
291,4.3,5.6,6.2,91.4,Харчо от Роксаны Бабаян,Харчо от Роксаны Бабаян.jpg
292,4.7,1.6,5.3,56.2,Холодный летний суп ,Холодный летний суп .jpg
293,2.5,2.7,3.6,18.8,Чесночный суп,Чесночный суп.jpg
294,5.1,6.8,5,100.2,Чизбургер-суп,Чизбургер-суп.jpg
295,2.4,0.1,11.1,55.1,Щи ,Щи .jpg
296,6,1.5,4.3,55.4,Щи по-уральски,Щи по-уральски.jpg
297,3,2.8,11,79.7,Юшка грибная,Юшка грибная.jpg
298,6.6,2.7,2.8,60.8,Японский морковный суп-пюре,Японский морковный суп-пюре.jpg
299,13.9,4.1,1.6,103.2,,.jpg
300,3,2.2,12.8,82.1,Винегрет ,Винегрет .jpg
301,8.2,16.7,9,217.3,Деревенский свадебный салат,Деревенский свадебный салат.jpg
302,0.5,3.4,1.8,42.7,Кабачки маринованные ,Кабачки маринованные .jpg
303,9.8,3.8,4.9,92.4,Кальмары острые,Кальмары острые.jpg
304,2.1,6,9.9,100,Картофельный салат ,Картофельный салат .jpg
305,5.8,17.9,7.8,216.9,Классический салат ,Классический салат .jpg
306,5.2,8.1,14.8,153.6,Немецкий пивной салат,Немецкий пивной салат.jpg
307,3.2,3.7,12.3,94.9,Овощной салат с сюрпризом,Овощной салат с сюрпризом.jpg
308,11.4,10.4,2.9,150,Острый салат из куриных желудочков,Острый салат из куриных желудочков.jpg
309,1.3,5.1,8.7,82.1,Помидоры по-корейски,Помидоры по-корейски.jpg
310,1.7,10.1,8.7,145.6,Расплющенный салат,Расплющенный салат.jpg
311,8.3,6.4,4.2,110.8,Салат ,Салат .jpg
312,6.1,2.2,4.2,59.3,Салат ,Салат .jpg
313,7.9,11.5,2.3,145.2,Салат ,Салат .jpg
314,6.7,8.3,4.7,121.9,Салат ,Салат .jpg
315,3.8,14,8.2,173.8,Салат ,Салат .jpg
316,9.7,6,7.4,122.2,Салат ,Салат .jpg
317,9.2,6.4,19.6,172.1,Салат ,Салат .jpg
318,7.4,8.1,6.4,125.4,Салат ,Салат .jpg
319,3.9,4.4,15.8,119.3,Салат ,Салат .jpg
320,1.1,6,5.3,78.5,Салат ,Салат .jpg
321,10.3,15.5,2,190,Салат ,Салат .jpg
322,7.6,1.9,8.8,79.8,Салат ,Салат .jpg
323,13.9,12.8,2,177.7,Салат ,Салат .jpg
324,13.2,6,4.8,125.5,Салат ,Салат .jpg
325,3.2,4.4,5.9,126.9,Салат ,Салат .jpg
326,9.7,10.3,2,140.4,Салат ,Салат .jpg
327,5.6,12.7,13.7,192.3,Салат ,Салат .jpg
328,1.3,5,16.2,113.6,Салат ,Салат .jpg
329,3.7,4.6,11.1,100.7,Салат ,Салат .jpg
330,1.7,5.7,8.2,91.2,Салат ,Салат .jpg
331,14.6,8,3.6,144,Салат ,Салат .jpg
332,8.2,17.1,6.3,214.4,Салат ,Салат .jpg
333,10.5,4.3,28.3,190.6,Салат ,Салат .jpg
334,1.3,4.4,44.2,66.9,Салат ,Салат .jpg
335,14.9,4.4,1.6,107.4,Салат ,Салат .jpg
336,2.5,11.4,12.3,161.4,Салат ,Салат .jpg
337,6.4,4.6,12.3,113.9,Салат ,Салат .jpg
338,8.8,11.3,2,146.9,Салат ,Салат .jpg
339,9.3,8.7,6.6,143.4,Салат ,Салат .jpg
340,4.8,6.4,3.3,87,Салат ,Салат .jpg
341,14.6,4.1,5.4,116.5,Салат ,Салат .jpg
342,8.1,13.8,7,188.7,Салат ,Салат .jpg
343,1.7,27.7,15.7,317.8,Салат ,Салат .jpg
344,10.4,20.6,2.4,239.2,Салат ,Салат .jpg
345,5.7,27.5,4.5,290.5,Салат ,Салат .jpg
346,7.8,6.7,30.1,220.8,Салат ,Салат .jpg
347,6.4,4.3,9,101.3,Салат ,Салат .jpg
348,6.2,4,9.2,96.9,Салат ,Салат .jpg
349,1.3,0.9,9.9,55.7,Салат ,Салат .jpg
350,15.8,5.5,3,126.7,Салат ,Салат .jpg
351,8.1,13.1,2,158,Салат ,Салат .jpg
352,11.2,3.2,5.6,95.9,Салат ,Салат .jpg
353,7.4,8.1,3,115.2,Салат ,Салат .jpg
354,5.6,8.9,5.1,122.5,Салат ,Салат .jpg
355,4.7,1.6,10.9,76.6,Салат ,Салат .jpg
356,15.3,3.5,0.7,95.4,Салат ,Салат .jpg
357,5.5,3.9,6.1,82.6,Салат ,Салат .jpg
358,11.1,10.2,3,148,Салат ,Салат .jpg
359,10,9.1,2.1,129.8,Салат ,Салат .jpg
360,2.2,5.3,10.1,95.7,Салат ,Салат .jpg
361,7.5,12.3,3.1,158.1,Салат ,Салат .jpg
362,10.4,6.3,4.6,117.6,Салат ,Салат .jpg
363,8.6,8,7.9,135.5,Салат ,Салат .jpg
364,15.3,13.7,3.2,198.5,Салат ,Салат .jpg
365,9.5,19.2,2.5,221.4,Салат ,Салат .jpg
366,7,1.9,2.6,66.2,Салат ,Салат .jpg
367,12.8,10.6,12.8,195.6,Салат ,Салат .jpg
368,1.3,4,4.6,95,Салат из белокочанной капусты и мяса ,Салат из белокочанной капусты и мяса .jpg
369,2,7.9,5.7,100.4,Салат из свежих овощей ,Салат из свежих овощей .jpg
370,10.9,13.1,6,168.5,Салат из сельди ,Салат из сельди .jpg
371,11.1,6.3,6.9,128.1,"Салат из сыра, яиц и свеклы","Салат из сыра, яиц и свеклы.jpg"
372,0,0,0,0,Салат оливье ,Салат оливье .jpg
373,16.2,17.5,1,231.9,Салат от Тиффани,Салат от Тиффани.jpg
374,16.3,2.6,2,96.8,Салат с кальмарами ,Салат с кальмарами .jpg
375,3.4,5,1.7,65.3,Салат с куриной грудкой,Салат с куриной грудкой.jpg
376,8.8,8.2,5.1,131,Салат с курицей ,Салат с курицей .jpg
377,11.1,6.5,3.5,116.2,Салат с печенью «Осенние краски»,Салат с печенью «Осенние краски».jpg
378,8.3,8,14.3,161.6,Салат с тунцом ,Салат с тунцом .jpg
379,3.3,3.7,9.4,84.2,Салат свекольный ,Салат свекольный .jpg
380,6.1,9.6,8.1,142.5,Салат со свеклой и сельдью,Салат со свеклой и сельдью.jpg
381,8.7,10.5,2.4,136.1,Салат «Анастасия»,Салат «Анастасия».jpg
382,7.7,1.5,7.6,75.3,Салат «Коко Шанель»,Салат «Коко Шанель».jpg
383,17.1,4.1,7.9,138.5,Салат «Курица в шубе»,Салат «Курица в шубе».jpg
384,3.9,3.8,4.4,67.5,Салат «Лохматый»,Салат «Лохматый».jpg
385,12.9,10,4.5,158.2,Салат «Нежный»,Салат «Нежный».jpg
386,8.3,0.8,2.2,49,Салат «Фуршетный»,Салат «Фуршетный».jpg
387,7.3,5.1,5.3,97.4,Салат-желе с курицей и овощами,Салат-желе с курицей и овощами.jpg
388,8.4,3.3,18.4,138,Салат-закуска ,Салат-закуска .jpg
389,1.3,7.8,9.1,112,Салат-закуска ,Салат-закуска .jpg
390,2.2,3.4,14,94.2,Свекла по-корейски,Свекла по-корейски.jpg
391,6.7,5.8,15.1,138.1,Свекла с чесноком ,Свекла с чесноком .jpg
392,7,3.1,40.2,221.1,Сельдь под шубой ,Сельдь под шубой .jpg
393,3.7,3.8,11.6,93.9,Теплый салат в немецком стиле,Теплый салат в немецком стиле.jpg
394,0.9,1.6,29.1,41.7,Теплый салат к шашлыку,Теплый салат к шашлыку.jpg
395,7,9.2,21.6,134.1,Тёплый салат из баклажанов,Тёплый салат из баклажанов.jpg
396,9.8,9.4,26.4,228,Фасоль по-русски с индийским акцентом,Фасоль по-русски с индийским акцентом.jpg
397,1.3,4.8,11.3,92.1,Французский морковный салат,Французский морковный салат.jpg
398,7.8,4.1,6.9,95.4,Шашлычный салат,Шашлычный салат.jpg
399,15,9.1,12.9,199.2,Армянская ариса,Армянская ариса.jpg
400,5,8.4,51.5,297.8,Бабушкин сладкий плов,Бабушкин сладкий плов.jpg
401,15.2,3.9,22.7,186.5,Гариса или Хариса,Гариса или Хариса.jpg
402,2.6,0.1,9.4,47.4,Гороховая каша ,Гороховая каша .jpg
403,5.1,4.1,15.2,115.1,Гороховая каша сливочная в горшочке,Гороховая каша сливочная в горшочке.jpg
404,1.2,0.2,2.2,14.8,Гречка по-монастырски,Гречка по-монастырски.jpg
405,4.3,1.6,13.1,81.1,"Гречка с грибами, яйцами и луком","Гречка с грибами, яйцами и луком.jpg"
406,3.7,2.1,19.6,107.1,"Гречка, приготовленная в термосе","Гречка, приготовленная в термосе.jpg"
407,6.4,8.9,21.8,190.1,Гречневая каша ,Гречневая каша .jpg
408,2.6,3.2,23.7,89.5,Гречневая каша с баклажанами в сметане,Гречневая каша с баклажанами в сметане.jpg
409,5.3,6.2,11.4,120.8,Гречневая каша с кабачком,Гречневая каша с кабачком.jpg
410,5.3,0.9,25.9,127.3,Гречневая каша с капустой,Гречневая каша с капустой.jpg
411,3.6,6.2,15.1,135.2,Густое ванильное молоко,Густое ванильное молоко.jpg
412,3.5,4.7,32.9,197.6,Десертная ленивая овсянка,Десертная ленивая овсянка.jpg
413,0,0,0,0,Завтрак в банке ,Завтрак в банке .jpg
414,4.8,4.4,24.2,150.5,Запеченная овсянка ,Запеченная овсянка .jpg
415,6.8,12.7,52.5,349.5,Идеальная рождественская кутья,Идеальная рождественская кутья.jpg
416,3.5,3,13.8,93.1,Карамельная геркулесовая каша,Карамельная геркулесовая каша.jpg
417,3.6,2,18.5,106.6,Каша ,Каша .jpg
418,0.6,0.1,3.3,14.9,Каша ,Каша .jpg
419,2.3,0.4,9.1,49.4,Каша ,Каша .jpg
420,1.4,0.1,8.4,36,Каша ,Каша .jpg
421,5.2,3.7,14.6,175,Каша ,Каша .jpg
422,6.6,1.8,27.6,148.5,Каша геркулесовая ,Каша геркулесовая .jpg
423,2.3,2.2,5.4,49.6,Каша гороховая с грибами,Каша гороховая с грибами.jpg
424,6.7,8.1,14.3,152.8,Каша гречневая ,Каша гречневая .jpg
425,3.3,4.9,18.6,125.9,Каша гречневая ,Каша гречневая .jpg
426,3.6,0.8,19.6,94.6,Каша гречневая и секреты еe приготовления,Каша гречневая и секреты еe приготовления.jpg
427,1.7,1.1,15.3,77.7,Каша кукурузная постная,Каша кукурузная постная.jpg
428,3.2,0.4,15.7,79,Каша манная ,Каша манная .jpg
429,4.4,4,20.6,136.3,Каша манная ,Каша манная .jpg
430,5.2,0.9,16.8,96,Каша овсяная ,Каша овсяная .jpg
431,6.3,1.3,42.5,204.1,Каша от Эдиты Пьехи,Каша от Эдиты Пьехи.jpg
432,10.8,1.3,19,130.3,Каша перловая с кальмарами и грибами,Каша перловая с кальмарами и грибами.jpg
433,2.4,3.7,17.6,108,Каша перловая с тыквой,Каша перловая с тыквой.jpg
434,1.6,3.8,8.1,70.8,Каша пшенная с квашеной капустой,Каша пшенная с квашеной капустой.jpg
435,2.1,1.6,18.9,93.2,Каша пшенно-тыквенная в духовке,Каша пшенно-тыквенная в духовке.jpg
436,4.3,6.5,23.4,169.8,Каша рисовая по-староизобильненски,Каша рисовая по-староизобильненски.jpg
437,3.2,0.6,8.2,50.8,Каша сборная томленая,Каша сборная томленая.jpg
438,7.7,1.2,22.6,132.2,Кашка на завтрак,Кашка на завтрак.jpg
439,2.1,2.6,18.8,153.4,Кукурузная каша ,Кукурузная каша .jpg
440,2,4.6,15.4,111.6,Кукурузно-пшенная каша,Кукурузно-пшенная каша.jpg
441,6.3,2.4,20.3,126.5,Ленивая вкусная овсянка,Ленивая вкусная овсянка.jpg
442,5.3,1.5,11.2,78.6,Ленивая овсянка в банке,Ленивая овсянка в банке.jpg
443,4.4,6.8,31.1,200.4,Мамина каша,Мамина каша.jpg
444,3.7,0.5,12.3,68.2,Манная каша,Манная каша.jpg
445,3.3,5.6,13.9,118.9,Манная каша ,Манная каша .jpg
446,11.5,0.5,73.5,345,Манная каша без комочков,Манная каша без комочков.jpg
447,4.6,1,14.2,84.2,Манная каша для Нехочухи,Манная каша для Нехочухи.jpg
448,1.2,5.3,7.7,82.8,Манная каша на курином бульоне,Манная каша на курином бульоне.jpg
449,2.4,0.6,8.2,48,Наивкуснейшая перовая каша,Наивкуснейшая перовая каша.jpg
450,9.8,5.9,24.9,190.3,Нескучная овсяная каша,Нескучная овсяная каша.jpg
451,5.9,2.6,29.6,161.7,Ночная овсянка ,Ночная овсянка .jpg
452,3.7,1,10.5,64,Овсяная каша,Овсяная каша.jpg
453,4.1,8.8,37,239.8,Овсяная каша ,Овсяная каша .jpg
454,2.3,2.2,17.9,100.7,Овсяная каша с яблочно-коричным вкусом,Овсяная каша с яблочно-коричным вкусом.jpg
455,7.5,20.8,33.8,345.1,Овсянка ,Овсянка .jpg
456,4.8,13.3,18.9,186,"Овсянка, запеченная с яблоками","Овсянка, запеченная с яблоками.jpg"
457,4.4,2,22.4,120.2,Овсяный   кисель,Овсяный   кисель.jpg
458,1.4,0.8,11.4,58.8,Перловая каша,Перловая каша.jpg
459,2.3,0.4,7.3,41.7,Перловая каша ,Перловая каша .jpg
460,4.7,20.7,33.3,338.4,Перловая каша на завтрак,Перловая каша на завтрак.jpg
461,0.5,68.8,0.8,624.2,Перловая каша по Ксю Путан,Перловая каша по Ксю Путан.jpg
462,4.1,9.6,32.9,232.8,Перловая каша с картофелем,Перловая каша с картофелем.jpg
463,2.1,3.4,14.2,94.1,Перловая каша с перцем и томатами,Перловая каша с перцем и томатами.jpg
464,5.6,0.8,34.7,166.4,Перловка постная,Перловка постная.jpg
465,1.6,0.1,22.4,141.3,Персиковая крем-каша из манки,Персиковая крем-каша из манки.jpg
466,6.4,11.4,25.6,229.8,Полевая каша,Полевая каша.jpg
467,3.2,6.3,34.5,216.1,Полезный завтрак для школьников,Полезный завтрак для школьников.jpg
468,12,11.7,24.1,248.7,Полента с беконом,Полента с беконом.jpg
469,5.8,14.8,17.1,221.3,Польская гречка с яйцом на сметане,Польская гречка с яйцом на сметане.jpg
470,3,3.6,15.2,100.2,Поридж от Коко Шанель,Поридж от Коко Шанель.jpg
471,2.4,0.3,16.2,109.5,Простая каша с мясом,Простая каша с мясом.jpg
472,4.7,10.5,11.6,159.8,Простая рисовая каша с яйцом,Простая рисовая каша с яйцом.jpg
473,2.4,4.2,10.7,85.9,Пряная овсянка,Пряная овсянка.jpg
474,4.3,0.9,21.6,111.7,Пшенная каша,Пшенная каша.jpg
475,3.7,4.4,18,126.5,Пшенная каша ,Пшенная каша .jpg
476,2.7,3,13.6,92,Пшенная каша ,Пшенная каша .jpg
477,6.5,14.9,24.4,258.2,Пшенная каша в горшочке,Пшенная каша в горшочке.jpg
478,0,0,0,0,Пшенная каша в духовке,Пшенная каша в духовке.jpg
479,6.6,1,15.5,97.6,Пшенная каша с творогом,Пшенная каша с творогом.jpg
480,3.4,2.8,16.5,104.2,"Пшенная каша с тыквой, яблоками и курагой","Пшенная каша с тыквой, яблоками и курагой.jpg"
481,4.1,4.1,14.3,109.5,Пшенник,Пшенник.jpg
482,4.2,0.9,17,92.3,Пшенник,Пшенник.jpg
483,0,0,0,0,Рассыпчатая гречневая каша,Рассыпчатая гречневая каша.jpg
484,4,24.4,35,344.5,Рисовая каша на заварном креме,Рисовая каша на заварном креме.jpg
485,3.3,1.4,10.3,67,"Рисовая каша, которая не пригорает","Рисовая каша, которая не пригорает.jpg"
486,3,6.8,12.1,121.7,Рисовая крем-каша ,Рисовая крем-каша .jpg
487,4.1,6.3,20.2,154,Сладкая рисовая каша с тыквой,Сладкая рисовая каша с тыквой.jpg
488,4,4.5,32.5,187.1,Сладкий плов,Сладкий плов.jpg
489,8.7,12.5,54.2,353.4,Сочиво из гречки,Сочиво из гречки.jpg
490,2.6,2.2,18.7,104,Толчёнка,Толчёнка.jpg
491,1.3,0.3,7.7,28,Тыквенная каша,Тыквенная каша.jpg
492,0,0,0,0,Тыквенная каша ,Тыквенная каша .jpg
493,7.8,8.7,33.8,239,Утренний овсяный пирог,Утренний овсяный пирог.jpg
494,1.8,2.4,26.4,127.1,Чисто английский завтрак из овсянки,Чисто английский завтрак из овсянки.jpg
495,4.6,10.5,24.2,209.7,Шоколадная рисовая каша,Шоколадная рисовая каша.jpg
496,7,4.7,31.7,192.7,Шоколадно-кофейная овсяная каша ,Шоколадно-кофейная овсяная каша .jpg
497,1.5,0.1,6.5,32.7,Эстонская каша ,Эстонская каша .jpg
498,11.5,0.9,20.3,136.6,Ячневая каша,Ячневая каша.jpg
